Date,Close_2330.TW,Return_2330.TW(yesterday),Volume_2330.TW(yesterday),Return_NVDA(yesterday),Close_NVDA(yesterday),Volume_NVDA(yesterday),Return_AMD(yesterday),Close_AMD(yesterday),Volume_AMD(yesterday)
2024-01-05,561.3938598632812,,,,,,,,
2024-01-08,568.2164306640625,,18158971.0,,49.072391510009766,415039000.0,,138.5800018310547,69657700.0
2024-01-09,571.1403198242188,0.012079659364319633,17761275.0,0.06229938767412084,52.226810455322266,642510000.0,0.05339089953592028,146.17999267578125,71756900.0
2024-01-10,569.1911010742188,0.0051325374208798106,22501510.0,0.01683276510925283,53.113372802734375,773100000.0,0.02085102595245252,149.25999450683594,67875700.0
2024-01-11,571.1403198242188,-0.0034186914658789302,13037716.0,0.0225145818428203,54.32276153564453,533796000.0,-0.004835477858489882,148.5399932861328,56951200.0
2024-01-12,569.1911010742188,0.003418691465878963,23997409.0,0.008646893015471084,54.79452133178711,596759000.0,-0.003506808408698639,148.02000427246094,62764600.0
2024-01-15,571.1403198242188,-0.0034186914658789302,16496053.0,,,,,,
2024-01-16,565.29248046875,0.003418691465878963,21143076.0,-0.002045175970075757,54.68257141113281,352994000.0,-0.009912544365645384,146.55999755859375,48293100.0
2024-01-17,566.26708984375,-0.010291661715449896,27223860.0,0.030103651864875198,56.35374450683594,449580000.0,0.07983279399976367,158.74000549316406,112711400.0
2024-01-18,573.0895385742188,0.0017225953304962167,42592335.0,-0.005852276372901704,56.02490997314453,474394000.0,0.00896806148074212,160.1699981689453,104085000.0
2024-01-19,610.1260375976562,0.011976110207885578,27209996.0,0.018629008449993857,57.0783805847168,491650000.0,0.015487857773849764,162.6699981689453,131864900.0
2024-01-22,610.1260375976562,0.06262358754792546,161106401.0,0.04089833316247055,59.461185455322266,543501000.0,0.0686526433907456,174.22999572753906,140367900.0
2024-01-23,612.0753784179688,0.0,65168775.0,0.002736223815944998,59.624107360839844,452955000.0,-0.035341450057983156,168.17999267578125,122973800.0
2024-01-24,611.1006469726562,0.0031898874403332033,41072439.0,0.003664399157186049,59.842994689941406,294654000.0,0.0014260578750195706,168.4199981689453,76830500.0
2024-01-25,625.7202758789062,-0.0015937716753859992,26635005.0,0.02456504896850306,61.33124542236328,560271000.0,0.056950551659783584,178.2899932861328,125516400.0
2024-01-26,627.6696166992188,0.023641756989720465,52243347.0,0.004147103971236693,61.58612060546875,482777000.0,0.011377115483416342,180.3300018310547,127171400.0
2024-01-29,631.5681762695312,0.003110512384945641,41153025.0,-0.009555912265239457,61.00041198730469,390309000.0,-0.01722735046085398,177.25,107381200.0
2024-01-30,625.7202758789062,0.00619195524160969,27825490.0,0.023224462449036663,62.433692932128906,348733000.0,0.0032668826399902978,177.8300018310547,89384500.0
2024-01-31,612.0753784179688,-0.009302467626555412,36161825.0,0.004934642121968488,62.7425422668457,410735000.0,-0.03298480904829779,172.05999755859375,122265700.0
2024-02-01,612.0753784179688,-0.022047985314334516,41277950.0,-0.020064825446696258,61.49617004394531,453795000.0,-0.025726187685866302,167.69000244140625,133157300.0
2024-02-02,618.8978271484375,0.0,44946369.0,0.024086984020783214,62.99541091918945,369146000.0,0.01650091141093672,170.47999572753906,91576700.0
2024-02-05,629.6188354492188,0.011084755633496764,26334815.0,0.04851281479253764,66.12683868408203,476578000.0,0.041253669225576425,177.66000366210938,82134300.0
2024-02-15,679.32568359375,0.017174415277799684,44017740.0,0.024270591885679045,73.86297607421875,504917000.0,0.04089196866434465,178.6999969482422,57402500.0
2024-02-16,665.6806640625,0.07598605120549519,112945296.0,-0.016949551251128004,72.62158203125,420122000.0,-0.010915555902259016,176.75999450683594,51126400.0
2024-02-19,660.8074340820312,-0.020290592232434023,44232811.0,,,,,,
2024-02-20,669.5791625976562,-0.007347599894205246,34408673.0,-0.0006196070947772877,72.57659912109375,495327000.0,-0.01648498372899972,173.8699951171875,53940300.0
2024-02-21,663.7313842773438,0.013186927244301027,30166461.0,-0.04450789449590531,69.41719818115234,704833000.0,-0.04818927814058642,165.69000244140625,66550000.0
2024-02-22,674.4524536132812,-0.008771873635570063,30564485.0,-0.02892322430057669,67.43818664550781,673755000.0,-0.008485469263696033,164.2899932861328,48365700.0
2024-02-23,679.32568359375,0.016023655979606945,33145643.0,0.15186989994483882,78.49864196777344,865100000.0,0.10160404560163538,181.86000061035156,100684700.0
2024-02-26,680.30029296875,0.00719948253830154,46448923.0,0.0035460517447255435,78.77749633789062,829388000.0,-0.029802955048747408,176.52000427246094,69207400.0
2024-02-27,680.30029296875,0.0014336436030636124,28798079.0,0.0034831443965483468,79.0523681640625,503973000.0,-0.0028934282086895257,176.00999450683594,45435100.0
2024-02-29,672.5031127929688,0.0,33006829.0,-0.013276855086372644,77.62407684326172,393110000.0,-0.008236108730287912,176.5399932861328,35914400.0
2024-03-01,671.528564453125,-0.011527567843617203,54368302.0,0.018485602765467634,79.07234954833984,507289000.0,0.08670453783911994,192.52999877929688,105538500.0
2024-03-04,706.6156005859375,-0.0014501868179678389,23390635.0,0.03925125058531289,82.23775482177734,479135000.0,0.051179023280503,202.63999938964844,103820800.0
2024-03-05,711.48876953125,0.050930259729298995,88861397.0,0.03531982413319659,85.19428253173828,615616000.0,0.01333353685356989,205.36000061035156,86835300.0
2024-03-06,716.362060546875,0.006872820125605476,64403889.0,0.00853991156445032,85.9249496459961,520639000.0,-0.0011205912374424134,205.1300048828125,65407100.0
2024-03-07,740.7280883789062,0.006826077116276963,43687122.0,0.031331277864868536,88.65970611572266,582520000.0,0.026459114581661235,210.6300048828125,86687000.0
2024-03-08,764.1195068359375,0.03344789539052096,71817344.0,0.04377407861742048,92.62689971923828,608119000.0,0.003554421801682048,211.3800048828125,63869000.0
2024-03-11,746.575927734375,0.031090593796469262,87139744.0,-0.057075173396259976,87.48824310302734,1142269000.0,-0.019056408998621245,207.38999938964844,120815200.0
2024-03-12,750.4745483398438,-0.023226876053491316,64759810.0,-0.020242824108767963,85.73503875732422,678364000.0,-0.04436628840411305,198.38999938964844,73098600.0
2024-03-13,759.2462768554688,0.00520841411978671,58110339.0,0.06912658786631064,91.87125396728516,668075000.0,0.02178819923404003,202.75999450683594,68951700.0
2024-03-14,764.1195068359375,0.011620462640050167,36754557.0,-0.01121468463246566,90.8467025756836,635713000.0,-0.040100965790899,194.7899932861328,70526900.0
2024-03-15,733.9055786132812,0.006397999293654524,42010806.0,-0.03292767589500104,87.90404510498047,602318000.0,-0.04049261276635369,187.05999755859375,84490500.0
2024-03-18,748.1036376953125,-0.04034381864561092,73316437.0,-0.0012173952305766884,87.7970962524414,642086000.0,0.02115809410870054,191.05999755859375,95289500.0
2024-03-19,746.145263671875,0.019161140597182852,43589856.0,0.007011063792860869,88.41481018066406,668976000.0,-0.0021482477743164988,190.64999389648438,59306900.0
2024-03-20,742.228515625,-0.002621216777126701,30152375.0,0.01060447023475257,89.35739135742188,672171000.0,-0.049624479195434446,181.4199981689453,83509500.0
2024-03-21,767.6875,-0.005263136374356887,41280325.0,0.010836162759772876,90.33094787597656,479063000.0,-0.009359074101502251,179.72999572753906,81773100.0
2024-03-22,768.666748046875,0.03372558100530965,46026103.0,0.011693832003289268,91.39346313476562,480372000.0,-0.005859245499177124,178.67999267578125,75265600.0
2024-03-25,763.770751953125,0.0012747687334861632,30660820.0,0.030736151822972825,94.24616241455078,586719000.0,0.005414024091831177,179.64999389648438,57899100.0
2024-03-26,765.7291870117188,-0.006389836782734889,19877101.0,0.007533420000155942,94.9588394165039,552136000.0,-0.005693824789468562,178.6300048828125,71935300.0
2024-03-27,762.79150390625,0.002560884219746764,40990702.0,-0.026030107168922862,92.5189437866211,513648000.0,-0.004263735859771142,177.8699951171875,65322400.0
2024-03-28,752.9996948242188,-0.0038438298414301716,18794479.0,-0.025284224941411488,90.20899963378906,586067000.0,0.009623535703339608,179.58999633789062,55685600.0
2024-03-29,759.8539428710938,-0.012919913108491388,27190918.0,,,,,,
2024-04-01,753.9788208007812,0.009061411858690352,9802000.0,0.0011737989867956853,90.31494903564453,435212000.0,0.004998950371739003,180.49000549316406,57628600.0
2024-04-02,773.5626831054688,-0.007761955888762704,21041261.0,7.746097294939223e-05,90.32194519042969,452441000.0,0.015666927548329088,183.33999633789062,74299900.0
2024-04-03,763.770751953125,0.02564242651456511,37974481.0,-0.010132693853761143,89.41136169433594,433064000.0,-0.0256339274713794,178.6999969482422,61598800.0
2024-04-08,766.7083740234375,-0.01273902375431765,30890544.0,0.024185845787911116,87.968017578125,399678000.0,0.027302789387679813,170.4199981689453,66080300.0
2024-04-09,801.9593505859375,0.0038388314195275225,32202226.0,-0.00999204152302762,87.09341430664062,283220000.0,-0.0030559749017240326,169.89999389648438,43997500.0
2024-04-10,798.0425415039062,0.044951408857450956,56857731.0,-0.020628538184394855,85.3152084350586,501700000.0,0.005166178577928455,170.77999877929688,42886100.0
2024-04-11,802.9385986328125,-0.004896015342898962,27480849.0,0.01954916024823274,86.99945831298828,431929000.0,-0.02154439041009766,167.13999938964844,59600000.0
2024-04-12,800.9800415039062,0.006116339873658927,25200651.0,0.04027454184783823,90.57483673095703,431637000.0,0.019903515802019715,170.5,48994500.0
2024-04-15,789.2298583984375,-0.002442216273776417,31508936.0,-0.02718264032766731,88.14593505859375,426805000.0,-0.043268785698115896,163.27999877929688,63519600.0
2024-04-16,771.6043090820312,-0.01477842259752247,38913470.0,-0.02508918918453018,85.9619369506836,443077000.0,-0.018294647443959436,160.32000732421875,61461200.0
2024-04-17,787.2714233398438,-0.022585741564469877,49508969.0,0.016307913942283307,87.37528991699219,370453000.0,0.019396489579943027,163.4600067138672,55302100.0
2024-04-18,787.2714233398438,0.020101206868917147,34472074.0,-0.039433504164295245,83.996826171875,495400000.0,-0.05948586131068527,154.02000427246094,75909000.0
2024-04-19,734.39501953125,0.0,43598591.0,0.007539786267183456,84.63253784179688,447260000.0,0.006858632759136399,155.0800018310547,52669800.0
2024-04-22,726.5614013671875,-0.06952601489169413,130968654.0,-0.10541174066727736,76.1653823852539,875198000.0,-0.05596052524068549,146.63999938964844,71618200.0
2024-04-23,738.311767578125,-0.010724061481398801,46540798.0,0.04262182147894087,79.48186492919922,596341000.0,0.013546671590083117,148.63999938964844,49397000.0
2024-04-24,766.7083740234375,0.016043188568886393,30423647.0,0.035881193551671804,82.38555145263672,438559000.0,0.024128017951807502,152.27000427246094,46051900.0
2024-04-25,750.0620727539062,0.03774032798284711,39457128.0,-0.033883448967573046,79.64080810546875,512208000.0,-0.003486722800007255,151.74000549316406,43412600.0
2024-04-26,765.7291870117188,-0.021950545892084512,28534926.0,0.036416068661405204,82.59446716308594,424641000.0,0.013224343385320598,153.75999450683594,41471400.0
2024-04-29,778.4586181640625,0.020672598692303715,32571247.0,0.059923839927816414,87.69514465332031,551011000.0,0.023397387709792525,157.39999389648438,42510700.0
2024-04-30,773.5626831054688,0.0164872685327968,26765837.0,0.00025078681994886284,87.7171401977539,388971000.0,0.017632718378382907,160.1999969482422,43478200.0
2024-05-02,755.937255859375,-0.006309128998225911,39051972.0,-0.03967646711527995,83.00326538085938,559863000.0,-0.09331066603997379,144.27000427246094,89413200.0
2024-05-03,763.770751953125,-0.023048327164122546,40527228.0,0.032882790861852126,85.77801513671875,377898000.0,0.013015363553212613,146.16000366210938,50034700.0
2024-05-06,769.6459350585938,0.010309303409804927,29901556.0,0.03404564454318318,88.74866485595703,398341000.0,0.029925418768550715,150.60000610351562,49361100.0
2024-05-07,783.3546752929688,0.007662903246685717,32599878.0,0.037046329612166806,92.09813690185547,376203000.0,0.03381739176194692,155.77999877929688,44624500.0
2024-05-08,785.31298828125,0.0176549786570588,33890214.0,-0.017362823307389558,90.51285552978516,437342000.0,-0.008703875848257821,154.42999267578125,37374900.0
2024-05-09,779.4379272460938,0.0024967863507217,21757193.0,-0.0015692911157382074,90.37092590332031,325721000.0,-0.005258883021943606,153.6199951171875,28728000.0
2024-05-10,785.31298828125,-0.007509295677014603,21923999.0,-0.01858731367646726,88.7066879272461,378013000.0,-0.008038968488955125,152.38999938964844,33018000.0
2024-05-13,801.9593505859375,0.007509295677014636,25101318.0,0.012663562145836403,89.83717346191406,335325000.0,-0.003088965845300621,151.9199981689453,37652800.0
2024-05-14,807.83447265625,0.02097557202251241,34812619.0,0.005779968639677704,90.3579330444336,289680000.0,-0.008992394829708823,150.55999755859375,27859200.0
2024-05-15,821.543212890625,0.007299255433310849,28691846.0,0.010530846932877638,91.31450653076172,296507000.0,0.017121490897878913,153.16000366210938,31938300.0
2024-05-16,823.5015258789062,0.016827361556669067,39467772.0,0.0352104416649503,94.58700561523438,417735000.0,0.041626023364421304,159.6699981689453,43195900.0
2024-05-17,817.6264038085938,0.002380864018089001,43927195.0,-0.0028678635314995315,94.31613159179688,323952000.0,0.018306986869921126,162.6199951171875,76726700.0
2024-05-20,817.6264038085938,-0.007159889320680428,26207289.0,-0.02012503116696245,92.4369888305664,359691000.0,0.011312029421431863,164.47000122070312,65944400.0
2024-05-21,823.5015258789062,0.0,28808661.0,0.02457685193903908,94.73694610595703,318764000.0,0.011245587635790094,166.3300018310547,45618000.0
2024-05-22,846.0230102539062,0.00715988932068047,19705349.0,0.006373356528454749,95.34266662597656,328946000.0,-0.010091013700298154,164.66000366210938,30005500.0
2024-05-23,856.7941284179688,0.026981155582914612,36628342.0,-0.0045814257056575915,94.9068603515625,548648000.0,0.0052092951389311306,165.52000427246094,47426700.0
2024-05-24,848.9605712890625,0.012651108071826784,37266618.0,0.08910603495491885,103.7518539428711,835065000.0,-0.031234394540331414,160.42999267578125,91888800.0
2024-05-27,850.9190673828125,-0.009184922312577887,34136382.0,,,,,,
2024-05-28,847.0022583007812,0.00230427721560884,26726954.0,0.02539743404754458,106.4206314086914,429494000.0,0.03629645383426049,166.36000061035156,54868600.0
2024-05-29,839.168701171875,-0.004613660209695369,25329216.0,0.06747581652768356,113.84925842285156,652728000.0,0.031070345427260837,171.61000061035156,66495400.0
2024-05-30,820.5640258789062,-0.009291600526316312,33436835.0,0.008079546173586975,114.77283477783203,557442000.0,-0.03843086867751367,165.13999938964844,56537500.0
2024-05-31,803.917724609375,-0.022419820111945234,38065102.0,-0.03839371875891082,110.44979858398438,484553000.0,0.009702089502414961,166.75,46367000.0
2024-06-03,828.3976440429688,-0.020495008877700196,77438401.0,-0.007877111054804964,109.58319091796875,613263000.0,0.0008991093021598089,166.89999389648438,64331900.0
2024-06-04,821.543212890625,0.02999635416533029,28345488.0,0.047793782430328356,114.94776153564453,438392000.0,-0.020276021454020986,163.5500030517578,59157600.0
2024-06-05,836.2311401367188,-0.008308747015534608,28223635.0,0.012418231984480844,116.38410949707031,403324000.0,-0.022007425028830647,159.99000549316406,48157200.0
2024-06-06,875.3988037109375,0.01772051977031038,31975446.0,0.05027070953882842,122.3843765258789,528402000.0,0.037900002078915626,166.1699981689453,60507500.0
2024-06-07,860.7109375,0.04577449990574273,62925136.0,-0.011847036969231095,120.94303894042969,664696000.0,0.003664221645640673,166.77999877929688,47153700.0
2024-06-11,864.6277465820312,-0.01692083893859322,41075399.0,0.007433737669941331,121.73468017578125,313434100.0,-0.0458933034722984,160.33999633789062,67444600.0
2024-06-12,890.086669921875,0.004540344277709333,48228488.0,-0.007169658160209545,120.86500549316406,222551200.0,-0.008643897295390182,158.9600067138672,40497100.0
2024-06-13,903.3567504882812,0.029019776387371923,48106925.0,0.03486601400658188,125.15341186523438,299595000.0,0.00802008515865052,160.24000549316406,48325800.0
2024-06-14,906.3056640625,0.014798707999834489,55857091.0,0.03461745742754374,129.561767578125,260704500.0,-0.0021241439693379886,159.89999389648438,44442500.0
2024-06-17,905.3226928710938,0.0032590787770001633,38408123.0,0.017362550996592924,131.8309326171875,309320400.0,-0.0016899138043775983,159.6300048828125,34054000.0
2024-06-18,926.9481811523438,-0.0010851798428829175,26292426.0,-0.006847841932942933,130.93125915527344,288504400.0,-0.0077352270166716666,158.39999389648438,44507700.0
2024-06-19,964.3013305664062,0.023606217637868854,37876013.0,,,,,,
2024-06-20,964.3013305664062,0.039506164850204084,72228052.0,0.03451718522883148,135.529541015625,294335100.0,-0.02408824278329609,154.6300048828125,51852000.0
2024-06-21,953.4885864257812,0.0,48225374.0,-0.03604526524477019,130.73133850097656,517768400.0,0.0452021819796222,161.77999877929688,93245700.0
2024-06-24,923.9992065429688,-0.011276374560716788,88376132.0,-0.03272114013005283,126.52288818359375,649445800.0,-0.0034054895678756014,161.22999572753906,61293900.0
2024-06-25,928.9141845703125,-0.031416241859286986,66391994.0,-0.06917909679695654,118.0660400390625,476060900.0,-0.006096794675700191,160.25,45954100.0
2024-06-26,943.6588134765625,0.005305147643073982,57368432.0,0.06537958880165595,126.04307556152344,414192600.0,0.0,160.25,40572300.0
2024-06-27,943.6588134765625,0.015748313848631654,44967166.0,0.002455532031752239,126.35295867919922,362975900.0,-0.01705574414250692,157.5399932861328,36973400.0
2024-06-28,949.556640625,0.0,39729446.0,-0.019250566980294266,123.94385528564453,252571700.0,0.012176472756359285,159.47000122070312,34018200.0
2024-07-01,951.5226440429688,0.0062305071667728565,39138210.0,-0.0036358991957362546,123.49402618408203,315516700.0,0.017036009037361643,162.2100067138672,56204600.0
2024-07-02,943.6588134765625,0.0020683031314734117,19935737.0,0.006133091161619239,124.25375366210938,284885500.0,-0.028260737552182866,157.69000244140625,50436700.0
2024-07-03,962.3353881835938,-0.008298810298246096,25427569.0,-0.013200307895913237,122.62434387207031,218374000.0,0.04112377670539189,164.30999755859375,57838600.0
2024-07-04,987.892822265625,0.019598351858362187,24070411.0,,,,,,
2024-07-05,987.892822265625,0.026211186103656303,41893299.0,0.04471753714256577,128.2322540283203,215749000.0,-0.0024984240946845254,163.89999389648438,26980900.0
2024-07-08,1017.382080078125,0.0,19998094.0,-0.019283592720223227,125.78316497802734,214176700.0,0.04765642837208619,171.89999389648438,61857100.0
2024-07-09,1022.2970581054688,0.029413806410355483,40146763.0,0.01865963481201898,128.1522674560547,237677300.0,0.038739597670768865,178.69000244140625,60223400.0
2024-07-10,1027.2120361328125,0.0048193732518182495,46373121.0,0.024502588707686394,131.33111572265625,285366600.0,-0.00893789530091734,177.10000610351562,43395600.0
2024-07-11,1061.6162109375,0.004796258248581154,46206302.0,0.026514001814157105,134.85980224609375,248978600.0,0.038003799915609586,183.9600067138672,90247000.0
2024-07-12,1022.2970581054688,0.03294410290311778,41724336.0,-0.057276178688814905,127.35259246826172,374782700.0,-0.011041403355405465,181.94000244140625,59231400.0
2024-07-15,1022.2970581054688,-0.03774036115169884,68983062.0,0.014339531521123624,129.19192504882812,252680500.0,-0.0018154417214706231,181.61000061035156,50827400.0
2024-07-16,1037.041748046875,0.0,38393309.0,-0.00620947407700517,128.39219665527344,208326200.0,-0.009849563731940892,179.8300018310547,42202700.0
2024-07-17,1012.4672241210938,0.014320073864697748,32125609.0,-0.01632687568074098,126.31297302246094,214769500.0,-0.012759693781991186,177.5500030517578,40633100.0
2024-07-18,987.892822265625,-0.02398203868387177,54022399.0,-0.0685351431163833,117.94608306884766,390086200.0,-0.1076473680980124,159.42999267578125,76954200.0
2024-07-19,953.4885864257812,-0.024571214842999657,81990095.0,0.025934197994212822,121.04492950439453,320979500.0,-0.023224320712721402,155.77000427246094,69420300.0
2024-07-22,923.0162963867188,-0.03544675759443709,92507621.0,-0.026442819580858354,117.8861083984375,217223800.0,-0.027267037302849146,151.5800018310547,47513100.0
2024-07-23,962.3353881835938,-0.0324805645436134,83062356.0,0.04647380860655496,123.49402618408203,258068900.0,0.02790874471110014,155.8699951171875,43912500.0
2024-07-26,908.2716064453125,0.04171613603439418,47213266.0,-0.017393364735343874,112.23819732666016,460067000.0,-0.04460889652006005,138.32000732421875,60578500.0
2024-07-29,927.93115234375,-0.057819566358540776,82081735.0,0.006923028236236802,113.0179214477539,293399100.0,0.012001136400124988,139.99000549316406,49435800.0
2024-07-30,923.9992065429688,0.0214140808361756,40809258.0,-0.01308720215076147,111.54846954345703,248152100.0,-0.001715918691213558,139.75,47447200.0
2024-07-31,918.1014404296875,-0.004246327827702644,41761392.0,-0.073040033908881,103.69139862060547,486833300.0,-0.009418075632943513,138.44000244140625,68801700.0
2024-08-01,943.6588134765625,-0.006403326848547788,39894991.0,0.1205533184905537,116.97643280029297,473174200.0,0.042704023695113065,144.47999572753906,114306800.0
2024-08-02,887.6290893554688,0.027456788340253495,47382270.0,-0.06907207232629815,109.16935729980469,523462300.0,-0.08625662409270224,132.5399932861328,94731900.0
2024-08-05,801.1270141601562,-0.06121071084605718,76144485.0,-0.01792361008874151,107.2300796508789,482027500.0,-0.0003017905783991095,132.5,78562000.0
2024-08-06,865.0205688476562,-0.10253445958135145,144057989.0,-0.06568897702475607,100.41261291503906,552842400.0,0.017357964324921177,134.82000732421875,76089400.0
2024-08-07,904.3397827148438,0.07673378167791282,102930842.0,0.037131753383725596,104.21119689941406,409012100.0,-0.03502255786920111,130.17999267578125,64455600.0
2024-08-08,880.748291015625,0.04445186994351833,59158704.0,-0.05258144087247209,98.8731918334961,411440400.0,-0.011667078915724586,128.6699981689453,54676500.0
2024-08-09,918.1014404296875,-0.02643327876181938,38236391.0,0.059464196060025926,104.9309310913086,391910000.0,0.05775414384286236,136.32000732421875,49037500.0
2024-08-12,923.9992065429688,0.04153600922754335,49494621.0,-0.002098028408881361,104.71101379394531,290844200.0,-0.015152386904596391,134.27000427246094,40583000.0
2024-08-13,924.982177734375,0.006403326848547852,38331663.0,0.03995478321660619,108.97942352294922,325559900.0,0.018447984227210966,136.77000427246094,39724300.0
2024-08-14,931.8630981445312,0.001063257091034319,25764381.0,0.06326498876542022,116.09677124023438,312646700.0,0.03138077189214276,141.1300048828125,42218000.0
2024-08-15,926.9481811523438,0.007411443480656875,36780856.0,0.01656606335164255,118.03605651855469,339246400.0,-0.0026962190040923204,140.75,35506400.0
2024-08-16,952.505615234375,-0.005288249001891499,19476402.0,0.039683134946750485,122.81427764892578,318086700.0,0.04589330962910487,147.36000061035156,43582400.0
2024-08-19,956.4375610351562,0.02719833775128107,44062316.0,0.01390246517296255,124.53362274169922,302589900.0,0.008110323961739227,148.55999755859375,31123900.0
2024-08-20,956.4375610351562,0.004119505923689199,21348863.0,0.042586442468375424,129.9516143798828,318333600.0,0.044241030388807764,155.27999877929688,60766900.0
2024-08-21,941.69287109375,0.0,24039959.0,-0.02138074450479098,127.20264434814453,300087400.0,0.007186858086722072,156.39999389648438,76851200.0
2024-08-22,934.8120727539062,-0.01553632593092951,29758188.0,0.009775128481338404,128.45216369628906,257883600.0,0.00897497320332515,157.80999755859375,42791200.0
2024-08-23,932.8460083007812,-0.0073336648553302694,24349754.0,-0.0377462240793962,123.6939468383789,376189100.0,-0.039486896052071535,151.6999969482422,45737300.0
2024-08-26,933.8290405273438,-0.0021053802077630724,27592153.0,0.04449382449923806,129.32183837890625,323230300.0,0.02139118253055485,154.97999572753906,43694600.0
2024-08-27,925.9652099609375,0.0010532441820065778,25057581.0,-0.022750371209410904,126.41293334960938,331964700.0,-0.03272738693717976,149.99000549316406,49893300.0
2024-08-28,947.5906982421875,-0.008456717650506502,18693037.0,0.014445295196727088,128.25225830078125,303134600.0,0.0033944223581275704,150.5,35102700.0
2024-08-29,926.9481811523438,0.023085992409981385,31059233.0,-0.021189434510759903,125.5632553100586,448101100.0,-0.0278937398677169,146.36000061035156,34075800.0
2024-08-30,927.93115234375,-0.022024991622428745,43530708.0,-0.06597798471841235,117.54622650146484,453023300.0,-0.00596195083761708,145.49000549316406,31602100.0
2024-09-02,931.8630981445312,0.001059876257902933,63834981.0,,,,,,
2024-09-03,923.9992065429688,0.0042283727439884795,18646835.0,0.015024023338674036,119.32557678222656,333751600.0,0.020881507127047578,148.55999755859375,31169100.0
2024-09-04,873.8673706054688,-0.008474700571691248,19547575.0,-0.10009675430719102,107.95980072021484,477155100.0,-0.08144600908943568,136.94000244140625,42172700.0
2024-09-05,886.6461181640625,-0.055782598660553497,79709021.0,-0.016712921181353122,106.17047119140625,372470300.0,0.028294553089172936,140.8699951171875,42130600.0
2024-09-06,902.3737182617188,0.014517323575122327,30512026.0,0.009371246004499343,107.17009735107422,306850700.0,-0.010203025889965219,139.44000244140625,25023000.0
2024-09-09,883.6971435546875,0.017582818216808942,24458336.0,-0.04171241188845159,102.7917251586914,413638100.0,-0.03718603822895312,134.35000610351562,39993500.0
2024-09-10,888.612060546875,-0.02091434990416378,35885268.0,0.03478615224478959,106.43037414550781,273912000.0,0.0278916266976097,138.14999389648438,27194500.0
2024-09-11,885.6630859375,0.00554635678720897,33498628.0,0.015193409656824112,108.05976104736328,268283700.0,0.03338508989933252,142.83999633789062,37217500.0
2024-09-12,928.1198120117188,-0.0033241488285775393,18029342.0,0.07834771731951665,116.86648559570312,441422400.0,0.047976431920571126,149.86000061035156,50935400.0
2024-09-13,935.0313720703125,0.04682421811632803,39454846.0,0.018980460950620847,119.10585021972656,366052700.0,0.006053996119457002,150.77000427246094,29233700.0
2024-09-16,935.0313720703125,0.007419249518415857,25347586.0,-0.00033583574629166246,119.06585693359375,238358300.0,0.010162376469787042,152.30999755859375,25117200.0
2024-09-18,929.107177734375,0.0,13626239.0,-0.010242377912424746,115.5568618774414,231925900.0,-0.00831958888310025,150.82000732421875,29889000.0
2024-09-19,947.8670654296875,-0.006355980654535544,28424324.0,-0.019392680324325458,113.33749389648438,310318900.0,-0.01691735062542485,148.2899932861328,26320100.0
2024-09-20,960.7027587890625,0.019990164994758596,32739630.0,0.03892558857893102,117.83621215820312,293506400.0,0.05541864595933842,156.74000549316406,44500000.0
2024-09-23,964.6521606445312,0.013450790973871652,60133709.0,-0.015992106138019737,115.96675109863281,382462400.0,-0.005052993186072696,155.9499969482422,40248200.0
2024-09-24,974.5257568359375,0.004102524012452263,14497067.0,0.0022388743131464967,116.22667694091797,206228500.0,0.0051167560280402195,156.75,21728500.0
2024-09-25,992.2982788085938,0.0101833683515022,26785975.0,0.03888654271068748,120.83535766601562,354966800.0,0.009966168043398473,158.32000732421875,27531200.0
2024-09-26,1002.171875,0.018072796951046764,39405222.0,0.0216064806631039,123.47459411621094,284692900.0,0.023101463215876368,162.02000427246094,35233300.0
2024-09-27,987.3614501953125,0.009901052499747409,38321585.0,0.004281954648856436,124.00444030761719,302582900.0,0.033203870015040625,167.49000549316406,38044900.0
2024-09-30,944.9049072265625,-0.014888615538894796,35783779.0,-0.02151316026460474,121.36520385742188,271009200.0,-0.01892534353981565,164.35000610351562,27876000.0
2024-10-01,959.7153930664062,-0.04395188817512242,61603217.0,0.00032941131366581706,121.40518951416016,226553700.0,-0.0016442123238809554,164.0800018310547,21881600.0
2024-10-04,964.6521606445312,0.015552479794454508,26760355.0,0.03310192465714538,122.81478118896484,277118000.0,0.019031707787616668,162.85000610351562,29598800.0
2024-10-07,992.2982788085938,0.005130806117266608,40934818.0,0.016709417693624693,124.88418579101562,243678100.0,0.04824898520597228,170.89999389648438,44556500.0
2024-10-08,997.235107421875,0.02825616530254889,39667071.0,0.022166872377579933,127.68338775634766,346250200.0,0.0004095552472997558,170.97000122070312,38379900.0
2024-10-09,1007.1087646484375,0.004962810657087272,30845902.0,0.03968129381991563,132.85189819335938,285722500.0,0.010646764375705425,172.8000030517578,34730200.0
2024-10-11,1031.792724609375,0.00985233844601649,46975717.0,0.016152394355328625,134.77134704589844,242311300.0,-0.04081719140082683,164.17999267578125,75113600.0
2024-10-14,1031.792724609375,0.024214182147694222,43058754.0,-7.404851063981028e-05,134.76136779785156,170209500.0,0.022345657103669484,167.88999938964844,42136200.0
2024-10-15,1056.476806640625,0.0,36858874.0,0.02396868147980853,138.0304412841797,232347700.0,-0.015728473408746446,165.27000427246094,31757200.0
2024-10-16,1031.792724609375,0.023641806178992898,42850176.0,-0.04799384970956116,131.56228637695312,377831000.0,-0.05363035111845894,156.63999938964844,50768000.0
2024-10-17,1021.9191284179688,-0.02364180617899275,52652149.0,0.03082681512718417,135.68109130859375,264879700.0,-0.003261150058229149,156.1300048828125,30575800.0
2024-10-18,1071.2872314453125,-0.009615440695906476,54173771.0,0.008875925777954522,136.8907470703125,306435900.0,0.0007682637890639175,156.25,29491900.0
2024-10-21,1071.2872314453125,0.04717858752336372,85011961.0,0.007783792570446941,137.96043395996094,176090200.0,-0.0017935997262517182,155.97000122070312,23823000.0
2024-10-22,1061.4136962890625,0.0,36491060.0,0.040543772468552654,143.66880798339844,264554500.0,0.012298193717026009,157.89999389648438,25781200.0
2024-10-23,1046.603271484375,-0.009259250154567465,41197877.0,-0.000835356782666224,143.54884338378906,226311600.0,-0.024425059079565166,154.08999633789062,34997400.0
2024-10-24,1046.603271484375,-0.014051754540624814,31423466.0,-0.028467467881815235,139.51998901367188,285930000.0,-0.007687286558216918,152.91000366210938,26095900.0
2024-10-25,1051.5399169921875,0.0,38236996.0,0.006072138077467549,140.3697509765625,172354900.0,0.0034600900767709384,153.44000244140625,22877000.0
2024-10-28,1036.7294921875,0.004705736619560741,22009575.0,0.008015599813839223,141.49942016601562,205122100.0,0.01801962603028683,156.22999572753906,29758500.0
2024-10-29,1026.8558349609375,-0.014184638308733252,40142324.0,-0.007232366358506241,140.479736328125,173586700.0,0.02334442566576692,159.9199981689453,36010100.0
2024-10-30,1016.9822998046875,-0.009569492906405075,45415773.0,0.005181372775479012,141.20950317382812,157593600.0,0.038819000793635615,166.25,71896000.0
2024-11-01,1012.0455322265625,-0.009661833583493889,38201984.0,-0.04837397517567679,132.72193908691406,270039600.0,-0.030958829945816745,144.07000732421875,44386600.0
2024-11-04,1026.8558349609375,-0.004866150421237341,54480255.0,0.019690436935272355,135.36119079589844,207127800.0,-0.015458683334864597,141.86000061035156,39027400.0
2024-11-05,1036.7294921875,0.014527984004731242,26747978.0,0.00478908341549379,136.01100158691406,187528200.0,-0.008139577562054875,140.7100067138672,29117400.0
2024-11-06,1046.603271484375,0.009569492906405056,32385622.0,0.027976844746956,139.86988830566406,160537400.0,0.006728763662498309,141.66000366210938,27067300.0
2024-11-07,1051.5399169921875,0.009478901689172528,55349259.0,0.03993244517398362,145.56825256347656,242043900.0,0.02399335577746603,145.10000610351562,32911500.0
2024-11-08,1076.223876953125,0.004705736619560741,43975446.0,0.022208974164247917,148.83734130859375,207323300.0,0.0320114204521822,149.82000732421875,30326400.0
2024-11-11,1071.2872314453125,0.023202826788336225,37099479.0,-0.00843151764866539,147.5876922607422,175665800.0,-0.01256026418726009,147.9499969482422,27560300.0
2024-11-12,1036.7294921875,-0.004597558712704749,34690205.0,-0.016184133652810764,145.2183380126953,182325600.0,-0.004063607613670878,147.35000610351562,29868100.0
2024-11-13,1021.9191284179688,-0.03278990638436477,51099848.0,0.020644665663536857,148.2474822998047,198634700.0,-0.025570168166092647,143.6300048828125,33560300.0
2024-11-14,1021.9191284179688,-0.014388681138999005,42331232.0,-0.01371550744506444,146.2280731201172,191903300.0,-0.030610679745932245,139.3000030517578,35146600.0
2024-11-15,1021.9191284179688,0.0,44627940.0,0.0033442213237161256,146.71791076660156,194463300.0,-0.0033077380764557646,138.83999633789062,31681400.0
2024-11-18,1012.0455322265625,0.0,34791611.0,-0.03311237110636509,141.9392852783203,250132900.0,-0.02878844664814546,134.89999389648438,44217500.0
2024-11-19,1026.8558349609375,-0.009708795772137183,31815076.0,-0.012972980742054694,140.10980224609375,221205300.0,0.029436438473030967,138.92999267578125,38705400.0
2024-11-20,1012.0455322265625,0.014527984004731242,24349599.0,0.04778743658525729,146.9678497314453,227834900.0,0.003305598921063581,139.38999938964844,23131400.0
2024-11-21,997.235107421875,-0.01452798400473122,40203197.0,-0.007647669833913866,145.84817504882812,309871700.0,-0.012924785506874982,137.60000610351562,28843100.0
2024-11-22,1026.8558349609375,-0.014742284125667058,41429227.0,0.005332312007227071,146.62796020507812,400946600.0,-0.0007997427138558652,137.49000549316406,29311400.0
2024-11-25,1016.9822998046875,0.029270268130398267,25187973.0,-0.032710469729402974,141.90928649902344,236406200.0,0.006235523207087069,138.35000610351562,21784700.0
2024-11-26,997.235107421875,-0.009661833583493889,49566674.0,-0.04267283525133028,135.9810028076172,344941900.0,0.019894735674473737,141.1300048828125,30923100.0
2024-11-27,987.3614501953125,-0.01960843454690437,27312402.0,0.006594936807583766,136.88075256347656,190287700.0,-0.024458838689910063,137.72000122070312,32092400.0
2024-11-28,992.2982788085938,-0.009950373696234858,31276090.0,,,,,,
2024-11-29,983.4119873046875,0.0049875630391473845,33689956.0,-0.011606773214147133,135.3011932373047,226370900.0,-0.010804570659790284,136.24000549316406,30175300.0
2024-12-02,1021.9191284179688,-0.008995601814798262,40094983.0,0.02127361152543495,138.2103729248047,141863200.0,0.006875802005680502,137.17999267578125,16085700.0
2024-12-03,1041.6663818359375,0.038409492369689824,31168404.0,0.0027448134987208984,138.5902557373047,171682800.0,0.03495560770405135,142.05999755859375,33102400.0
2024-12-04,1056.476806640625,0.019139363138693057,43414538.0,0.011689432460305288,140.2198028564453,164414000.0,-0.0005633138646756136,141.97999572753906,22665300.0
2024-12-05,1061.4136962890625,0.01411788373620608,33466290.0,0.034200948222025226,145.09840393066406,231224300.0,0.0140577183505523,143.99000549316406,25942700.0
2024-12-06,1051.5399169921875,0.004662090493897126,31425359.0,-0.0004824929167303851,145.02841186523438,172621200.0,-0.018434058540648817,141.36000061035156,29576900.0
2024-12-09,1061.4136962890625,-0.009346017921064069,30765288.0,-0.01822659904508254,142.4089813232422,188505600.0,-0.019789924672492718,138.58999633789062,33576800.0
2024-12-10,1051.5399169921875,0.009346017921064034,22247131.0,-0.025814890596986564,138.77975463867188,189308600.0,-0.057315480899673664,130.8699951171875,57055600.0
2024-12-11,1031.792724609375,-0.009346017921064069,28506584.0,-0.02731278957273571,135.04058837890625,210020900.0,-0.02420749534681177,127.73999786376953,38907200.0
2024-12-12,1050.6243896484375,-0.01895787875182587,25264194.0,0.030908379023090328,139.27964782714844,184905200.0,0.018690653134390584,130.14999389648438,45588100.0
2024-12-13,1055.580078125,0.01808684559923914,22791260.0,-0.014241974619922432,137.31008911132812,159211400.0,0.0034516790321885826,130.60000610351562,34267100.0
2024-12-16,1075.4031982421875,0.004705808669143682,20423659.0,-0.022755854258263333,134.22076416015625,231514900.0,-0.028661060898723837,126.91000366210938,67544700.0
2024-12-17,1065.49169921875,0.0186052064831105,39722392.0,-0.016901939343344132,131.9712371826172,237951100.0,-0.0017350257933568974,126.69000244140625,42090300.0
2024-12-18,1075.4031982421875,-0.009259277368520594,37880707.0,-0.012271849763501331,130.36160278320312,259410300.0,-0.013269479232178378,125.0199966430664,43314900.0
2024-12-19,1060.535888671875,0.009259277368520669,41863190.0,-0.011415454493576114,128.88192749023438,277444500.0,-0.029300419933448955,121.41000366210938,49724400.0
2024-12-20,1025.845458984375,-0.013921323666674812,42702851.0,0.013636929862881658,130.65151977539062,209719200.0,-0.02105871985341484,118.87999725341797,46160700.0
2024-12-23,1070.447509765625,-0.03325722509278621,52030520.0,0.030298575653244324,134.670654296875,306528600.0,0.002772078184326357,119.20999908447266,53591200.0
2024-12-24,1070.447509765625,0.042559683832448084,30728473.0,0.03623241826577878,139.6395721435547,176053500.0,0.04422195805717762,124.5999984741211,47777900.0
2024-12-25,1075.4031982421875,0.0,26461906.0,,,,,,
2024-12-26,1075.4031982421875,0.004618864927013085,15481622.0,0.003930235025215761,140.18946838378906,105157000.0,0.013472262800350042,126.29000091552734,24829600.0
2024-12-27,1080.35888671875,0.0,14374900.0,-0.002070396370143514,139.89952087402344,116205600.0,-0.009787254290211413,125.05999755859375,24998200.0
2024-12-30,1080.35888671875,0.004597629061811892,24948385.0,-0.021088332975125464,136.98016357421875,170582600.0,0.0010390001559062022,125.19000244140625,32924000.0
2024-12-31,1065.49169921875,0.0,23954634.0,0.00349722363585767,137.46005249023438,167734700.0,-0.02221146875635348,122.44000244140625,30501600.0
2025-01-02,1055.580078125,-0.013856906430332517,28397820.0,-0.02354948741915449,134.26075744628906,155659200.0,-0.013567625820141663,120.79000091552734,30203400.0
2025-01-03,1065.49169921875,-0.009345929114589892,43177098.0,0.02949586331644455,138.27987670898438,198247200.0,-0.0013255213880392484,120.62999725341797,34256200.0
2025-01-06,1115.0494384765625,0.00934592911458979,30415096.0,0.043574348273635606,144.43853759765625,229322500.0,0.03854140022709878,125.37000274658203,36785300.0
2025-01-07,1120.005126953125,0.04546236134707754,69289786.0,0.03375610363261792,149.39744567871094,265377400.0,0.03279754352897823,129.5500030517578,48020200.0
2025-01-08,1095.226318359375,0.00443451956326313,48758688.0,-0.06418615432540818,140.10946655273438,351782200.0,-0.017284774598989663,127.33000183105469,39220400.0
2025-01-09,1090.2705078125,-0.022372237587639423,45211419.0,,,,,,
2025-01-10,1090.2705078125,-0.004535187589159477,27263215.0,-0.0002140235770659516,140.07948303222656,227349900.0,-0.04407347743553379,121.83999633789062,46723100.0
2025-01-13,1065.49169921875,0.0,22021522.0,-0.03043478623657809,135.8804168701172,207602500.0,-0.048773711387237594,116.04000091552734,59415600.0
2025-01-14,1080.35888671875,-0.02298945573354184,56690300.0,-0.019916029942706585,133.20098876953125,204808900.0,0.010970274365065081,117.31999969482422,39128900.0
2025-01-15,1055.580078125,0.013856906430332537,28695247.0,-0.011094994638631065,131.73129272460938,195590500.0,-0.010539520703514361,116.08999633789062,37005300.0
2025-01-16,1095.226318359375,-0.0232028355449224,35489482.0,0.03343613963986933,136.21034240722656,185217300.0,0.03279262544435933,119.95999908447266,38185800.0
2025-01-17,1110.0936279296875,0.03687057243729122,47542962.0,-0.01979246231562134,133.54090881347656,209235600.0,-0.012751822402458117,118.44000244140625,29414100.0
2025-01-20,1110.0936279296875,0.013483335907624761,59214050.0,,,,,,
2025-01-21,1110.0936279296875,0.0,29834528.0,0.030524345574771686,137.6800079345703,201188800.0,0.025178459085331565,121.45999908447266,35765900.0
2025-01-22,1124.9609375,0.0,21904213.0,0.022403487481705956,140.79933166503906,197749000.0,0.006728504108038509,122.27999877929688,31578800.0
2025-02-03,1060.535888671875,0.013303951578101096,42960405.0,-0.03743490162743497,120.04385375976562,388161100.0,-0.0247872976916219,115.94999694824219,40463400.0
2025-02-04,1085.314697265625,-0.05897397710658138,97946226.0,-0.02881117217609697,116.63459777832031,371235700.0,-0.014594997600525017,114.2699966430664,34586100.0
2025-02-05,1100.1820068359375,0.023095652775958733,53308108.0,0.01691423038528022,118.62416076660156,256550000.0,0.04475233159015182,119.5,69412100.0
2025-02-06,1105.1378173828125,0.013605638376437936,40385340.0,0.050774855969673835,124.80281829833984,262230800.0,-0.06472819927613399,112.01000213623047,110385200.0
2025-02-07,1115.0494384765625,0.004494421928881019,29971252.0,0.030375753271047766,128.65196228027344,251483600.0,-0.01665428443148344,110.16000366210938,50426600.0
2025-02-10,1095.226318359375,0.008928694563953933,27883220.0,0.00897419781602033,129.81170654296875,228186300.0,-0.023885078961371455,107.55999755859375,46082500.0
2025-02-11,1100.1820068359375,-0.01793771802437623,28527108.0,0.028322874672870098,133.54090881347656,216989100.0,0.02678573078344869,110.4800033569336,34905400.0
2025-02-12,1090.2705078125,0.00451460153154108,18898928.0,-0.005781364125113791,132.77108764648438,178902400.0,0.005596143425275311,111.0999984741211,35033800.0
2025-02-13,1080.35888671875,-0.009049789120700518,24172954.0,-0.012578889858638372,131.11143493652344,160278600.0,0.005565069092126451,111.72000122070312,25319700.0
2025-02-14,1050.6243896484375,-0.009132549303209293,33210403.0,0.03115514993005512,135.26052856445312,197430000.0,0.000805228320537171,111.80999755859375,40911800.0
2025-02-17,1075.4031982421875,-0.02790864421406602,64486940.0,,,,,,
2025-02-18,1090.2705078125,0.023311015152254106,35491271.0,0.025973664080383454,138.81976318359375,195479600.0,0.011471389306696429,113.0999984741211,32477200.0
2025-02-19,1080.35888671875,0.013730178365021354,21616188.0,0.003953289974893495,139.36964416503906,219176600.0,0.010379197050224942,114.27999877929688,31720300.0
2025-02-20,1070.447509765625,-0.009132549303209293,26400293.0,-0.001220289959028898,139.19967651367188,167536000.0,0.0035812909825469405,114.69000244140625,28807700.0
2025-02-21,1085.314697265625,-0.009216493988824964,29643124.0,0.006300573451117179,140.07948303222656,143903600.0,-0.00454430801316413,114.16999816894531,27219600.0
2025-02-24,1065.49169921875,0.013793194036296906,28972910.0,-0.04138427875584398,134.4007110595703,228217600.0,-0.029600862695092562,110.83999633789062,41353700.0
2025-02-25,1045.6685791015625,-0.01843360647780448,30822970.0,-0.031357503090659954,130.2516326904297,251381100.0,-0.024938454004842972,108.11000061035156,29072200.0
2025-02-26,1050.6243896484375,-0.01877991256967638,45158522.0,-0.028416554250273,126.60242462158203,271428700.0,-0.03914303198357839,103.95999908447266,39169200.0
2025-02-27,1030.8011474609375,0.004728174785942916,36768449.0,0.03606305199932505,131.2514190673828,322553800.0,0.007474867489031242,104.73999786376953,29178200.0
2025-03-03,1010.9781494140625,-0.019048331268573904,55283596.0,0.03893248988054108,124.89279174804688,389091100.0,0.0035110480899698386,99.86000061035156,45194600.0
2025-03-04,991.1549682617188,-0.019417986010469405,65621663.0,-0.09094891427021023,114.03515625,411381400.0,-0.016457509323538472,98.2300033569336,38958000.0
2025-03-05,1010.9781494140625,-0.01980270819517119,64569262.0,0.016779363971236926,115.96473693847656,398163300.0,0.025330498965795048,100.75,54156900.0
2025-03-06,996.1107788085938,0.019802708195171152,41994320.0,0.01123084528624005,117.27445983886719,284337900.0,0.009090055450493567,101.66999816894531,27855500.0
2025-03-07,996.1107788085938,-0.014815130839156037,45187017.0,-0.05908598603066686,110.5459213256836,321181900.0,-0.028128722096966773,98.8499984741211,28985000.0
2025-03-10,989.1727294921875,0.0,40822280.0,0.01899187273782849,112.66545867919922,341755500.0,0.01466183237646143,100.30999755859375,33254400.0
2025-03-11,962.4114990234375,-0.006989508080714994,46849886.0,-0.051998846856173904,106.95669555664062,366487400.0,-0.03737614296926297,96.62999725341797,38733200.0
2025-03-12,979.2611694335938,-0.02742685415458685,50204233.0,0.016501765227412746,108.73631286621094,354865700.0,0.0013444842319280256,96.76000213623047,34078300.0
2025-03-13,956.4645385742188,0.01735626572346954,34184887.0,0.06229469414049229,115.7254409790039,323857500.0,0.04080544563085445,100.79000091552734,34241300.0
2025-03-14,950.5177001953125,-0.023554664549597128,37035693.0,-0.0013833730477073038,115.56546020507812,299033100.0,-0.0269498490539064,98.11000061035156,28575200.0
2025-03-17,961.4203491210938,-0.006236930303086127,34333748.0,0.051349526894497524,121.65469360351562,277593500.0,0.028734150709596368,100.97000122070312,24715300.0
2025-03-18,966.8971557617188,0.011404937631129233,31491061.0,-0.01774508911535283,119.51496124267578,255501500.0,0.03522445464623268,104.58999633789062,43689500.0
2025-03-19,947.9774169921875,0.0056804145100330895,21575327.0,-0.03490312754959522,115.41547393798828,299686900.0,-0.0103796627186504,103.51000213623047,27152800.0
2025-03-20,980.8380126953125,-0.019761455646673805,35245036.0,0.01794418088879404,117.50520324707031,273426200.0,0.025938339358966625,106.2300033569336,32287500.0
2025-03-21,967.8929443359375,0.03407664102421862,28715956.0,0.008557622259224974,118.51508331298828,248829700.0,0.008529798363508704,107.13999938964844,26871800.0
2025-03-24,967.8929443359375,-0.013285834791046136,39214916.0,-0.007027074345736345,117.68518829345703,266498500.0,-0.006554915709635024,106.44000244140625,30767900.0
2025-03-25,985.81689453125,0.0,16121506.0,0.03103430082036221,121.39472961425781,228452500.0,0.06730031006079827,113.8499984741211,53342000.0
2025-03-26,975.859130859375,0.018349145547449833,26167428.0,-0.005947974800732827,120.67481994628906,167447200.0,0.0083967877337568,114.80999755859375,29077500.0
2025-03-27,953.9520874023438,-0.010152389153526363,21735917.0,-0.05913432783180679,113.74568939208984,293463300.0,-0.041072396184950045,110.19000244140625,39824000.0
2025-03-28,947.9774169921875,-0.022704795521796044,34563256.0,-0.02069442005115664,111.41597747802734,236902100.0,-0.032653711431307866,106.6500015258789,32773700.0
2025-03-31,906.1549072265625,-0.006282767105299911,33101234.0,-0.015920755853217165,109.65619659423828,229872500.0,-0.032689814677901996,103.22000122070312,31069100.0
2025-04-01,940.01123046875,-0.04512040952662595,51064611.0,-0.011832244483078022,108.36636352539062,299212700.0,-0.004661140300273933,102.73999786376953,30865300.0
2025-04-02,938.0197143554688,0.03668155179340697,32197752.0,0.01619955507426822,110.13614654541016,222614000.0,0.00038926544069496996,102.77999877929688,23523200.0
2025-04-07,844.4168701171875,-0.002120856277966577,24849656.0,-0.07642296864360092,94.29813385009766,532273800.0,-0.08961216631501466,85.76000213623047,65847000.0
2025-04-08,812.5521240234375,-0.10512467162543321,23820773.0,0.03469995108481195,97.6277084350586,611041300.0,-0.025030854968826975,83.63999938964844,70515400.0
2025-04-09,781.68310546875,-0.03846622980603166,116648736.0,-0.013818818190133773,96.28788757324219,476243400.0,-0.06712436235556218,78.20999908447266,69910200.0
2025-04-10,859.353515625,-0.03873064234887072,107582838.0,0.17162062349893423,114.31561279296875,612918300.0,0.21366258934626892,96.83999633789062,97827400.0
2025-04-11,885.24365234375,0.09473095810087134,19416428.0,-0.06094718946890385,107.55646514892578,437812400.0,-0.08780023934362875,88.69999694824219,65210600.0
2025-04-14,861.3450317382812,0.02968253995649208,76103586.0,0.030757538431215408,110.9160385131836,313417300.0,0.051631506661683785,93.4000015258789,57892600.0
2025-04-15,873.2943725585938,-0.02736776261728066,66326054.0,-0.0019851873529474666,110.6960678100586,264705000.0,0.011708472927867107,94.5,36003000.0
2025-04-16,851.3873291015625,0.013777537636135187,30562095.0,0.013368843414683697,112.18588256835938,228966900.0,0.00832504846820063,95.29000091552734,28116500.0
2025-04-17,843.4210815429688,-0.025405524661575515,42128082.0,-0.07119162246371745,104.47685241699219,397016900.0,-0.07629802168485925,88.29000091552734,62109000.0
2025-04-18,846.408447265625,-0.00940083395505756,33684502.0,,,,,,
2025-04-21,831.4718017578125,0.00353570438185116,20101219.0,-0.02913113743929457,101.47722625732422,292517500.0,-0.008988067919469765,87.5,34801400.0
2025-04-22,812.5521240234375,-0.017804655723176,18415705.0,-0.04617746393410636,96.89781188964844,288501100.0,-0.022420937683799165,85.55999755859375,33855400.0
2025-04-23,869.311279296875,-0.023017320769389324,28888527.0,0.020225337506182262,98.87755584716797,241004800.0,0.008148160304945291,86.26000213623047,35236700.0
2025-04-24,860.3493041992188,0.06752120035923836,37863656.0,0.037901359416716324,102.69707489013672,247526000.0,0.04676761907318107,90.38999938964844,41102600.0
2025-04-25,884.2478637695312,-0.01036279069236606,32238198.0,0.03557797435116442,106.4166030883789,220815000.0,0.044148701644742404,94.47000122070312,33681900.0
2025-04-28,893.2098388671875,0.027398937758285447,34640282.0,0.04213291930397581,110.99604034423828,251064700.0,0.022813884739377698,96.6500015258789,28575300.0
2025-04-29,898.188720703125,0.010084122991120957,21830091.0,-0.02075264199002478,108.71631622314453,207708500.0,-0.0026937659782438473,96.38999938964844,30456700.0
2025-04-30,904.1633911132812,0.005558667700662259,24362874.0,0.002663599886849873,109.00627899169922,170444300.0,-0.003429484642524627,96.05999755859375,20700600.0
2025-05-02,945.9859008789062,0.006629883534817037,35405654.0,0.024396962106891636,111.59595489501953,236121500.0,-0.007216494702038421,96.6500015258789,29591500.0
2025-05-05,934.03662109375,0.04521757856512237,43873135.0,0.025564210531268762,114.485595703125,190194800.0,0.02200141420004257,98.80000305175781,29957900.0
2025-05-06,916.1126708984375,-0.012712018667298059,52770209.0,-0.005956586751732791,113.80567932128906,133163200.0,0.017955177097890917,100.58999633789062,41268900.0
2025-05-07,924.078857421875,-0.019376286065918145,37538894.0,-0.00246301897850875,113.52571868896484,158525600.0,-0.019778704093817573,98.62000274658203,54264300.0
2025-05-08,914.12109375,0.00865805125620555,36907620.0,0.03053139956264387,117.04527282714844,206758800.0,0.017489618933711308,100.36000061035156,86474400.0
2025-05-09,944.9901123046875,-0.010834361160403037,27985917.0,0.0026447657313610623,117.35523986816406,198428100.0,0.013263545467219003,101.69999694824219,54231400.0
2025-05-12,952.956298828125,0.03321141389946345,36383573.0,-0.006153406884977771,116.63532257080078,132972200.0,0.011147073740849625,102.83999633789062,31704300.0
2025-05-13,964.9056396484375,0.008394581909610345,23402547.0,0.05300638945162764,122.98452758789062,225023300.0,0.0500674000234239,108.12000274658203,50543400.0
2025-05-14,994.7788696289062,0.012461267631237397,38047856.0,0.054811447442214924,129.9136505126953,330430100.0,0.039355847911804256,112.45999908447266,55659500.0
2025-05-15,988.80419921875,0.03049015707007667,40475123.0,0.04079427045520887,135.32296752929688,281180800.0,0.04571133901167914,117.72000122070312,86743700.0
2025-05-16,993.7830810546875,-0.006024137403159592,24662270.0,-0.003775387763059354,134.8130340576172,226632600.0,-0.02346378425177868,114.98999786376953,43843200.0
2025-05-19,979.8422241210938,0.005022621048981454,16878650.0,0.004218655178709104,135.38296508789062,226542500.0,0.01878070656968965,117.16999816894531,43419700.0
2025-05-20,973.8676147460938,-0.01412739161750556,19906139.0,0.0012547833214361743,135.55294799804688,193154600.0,-0.02095717549701557,114.73999786376953,37737400.0
2025-05-21,985.81689453125,-0.006116187655765545,20897857.0,-0.008816501114558823,134.36309814453125,161514200.0,-0.010777722968711271,113.51000213623047,29030800.0
2025-05-22,977.8507080078125,0.012195256760867468,26248757.0,-0.019386030194288487,131.78341674804688,270608700.0,-0.012856537236464032,112.05999755859375,43594600.0
2025-05-23,979.8422241210938,-0.00811362392988882,18747545.0,0.007784540548358406,132.81329345703125,187344000.0,-0.012120258748763461,110.70999908447266,29252000.0
2025-05-26,971.8760375976562,0.0020345548247867763,22213030.0,,,,,,
2025-05-27,960.9224853515625,-0.008163299916974029,19329052.0,-0.01166152769728015,131.2734832763672,198821300.0,-0.003619599752715578,110.30999755859375,30867300.0
2025-05-28,962.9140625,-0.011334517678761362,26355315.0,0.031562927639345206,135.48294067382812,192953600.0,0.037804120052116925,114.55999755859375,37885000.0
2025-05-29,962.9140625,0.0020704231470129947,26471533.0,-0.005105130789988944,134.7930450439453,304021100.0,-0.014950563952141817,112.86000061035156,27483700.0
2025-06-02,942.0028076171875,0.0,48602590.0,-0.029602661154968134,135.11300659179688,333170900.0,-0.02055842337642034,110.7300033569336,36088500.0
2025-06-03,945.9859008789062,-0.021955913402620243,33676511.0,0.016513480023338883,137.3627166748047,197663100.0,0.03461469014010196,114.62999725341797,34078400.0
2025-06-04,985.81689453125,0.004219409950052224,26020787.0,0.027568086657488073,141.2022247314453,225578800.0,0.023110456539544567,117.30999755859375,37161500.0
2025-06-05,993.7830810546875,0.04124296700639263,37233567.0,0.004944622225742636,141.9021453857422,167120800.0,0.010767871014684776,118.58000183105469,31025000.0
2025-06-06,990.7957763671875,0.008048322512403554,24414444.0,-0.013692465232481282,139.97239685058594,231397900.0,-0.02467363257693632,115.69000244140625,34091000.0
2025-06-09,1000.7534790039062,-0.003010519771030222,13670307.0,0.012282178320791714,141.70216369628906,153986200.0,0.004312582063160517,116.19000244140625,27042100.0
2025-06-10,1040.58447265625,0.010000039508172704,21674308.0,0.006400664331388976,142.612060546875,185114500.0,0.04657870179142511,121.7300033569336,55437700.0
2025-06-11,1060.5,0.03902935295198054,44877640.0,0.009281627475316726,143.94189453125,155881900.0,0.012328151396177297,123.23999786376953,41691900.0
2025-06-12,1045.0,0.018957946789507536,37178498.0,-0.007810992041811264,142.8219451904297,167694000.0,-0.017186759880158997,121.13999938964844,32261900.0
2025-06-13,1030.0,-0.014723609605825746,25221606.0,0.015078620024351478,144.9918212890625,162365000.0,-0.02203393593921701,118.5,44718400.0
2025-06-16,1025.0,-0.014458083175229888,28393455.0,-0.021117987702597655,141.9619903564453,180820600.0,-0.019944377972276786,116.16000366210938,39702700.0
2025-06-17,1045.0,-0.004866189651172899,28580673.0,0.018977769514788943,144.6818389892578,183133700.0,0.08440377722701298,126.38999938964844,100968500.0
2025-06-18,1055.0,0.019324272826402842,26517379.0,-0.0039472990193553685,144.1118621826172,139108000.0,0.00560180636014461,127.0999984741211,86623900.0
2025-06-19,1035.0,0.009523881511255541,37931721.0,,,,,,
2025-06-20,1055.0,-0.019139340210697395,24002557.0,0.009392341866327442,145.47178649902344,161494100.0,-0.002441984429393573,126.79000091552734,49627100.0
2025-06-23,1020.0,0.019139340210697506,57831332.0,-0.011267461279875837,143.84188842773438,242956200.0,0.011371369375651955,128.24000549316406,79931000.0
2025-06-24,1050.0,-0.033738139631850114,32143872.0,0.00222203311052184,144.161865234375,154308900.0,0.010394914016175028,129.5800018310547,65152900.0
2025-06-25,1070.0,0.028987536873252187,28163537.0,0.025543160647058204,147.8916473388672,187566100.0,0.06606626463795509,138.42999267578125,78572000.0
2025-06-26,1075.0,0.018868484304382736,38783736.0,0.04242729173228149,154.30130004882812,269146500.0,0.03527315581219341,143.39999389648438,74607200.0
2025-06-27,1080.0,0.004662013105811371,36056692.0,0.004590581009059721,155.01126098632812,198145700.0,0.0019506679753294582,143.67999267578125,58180100.0
2025-06-30,1060.0,0.004640379556502301,32549027.0,0.017457341797913372,157.74110412597656,263234500.0,0.0009044133437002377,143.80999755859375,61937900.0
2025-07-01,1085.0,-0.01869213301215252,32413717.0,0.001520262317617653,157.98109436035156,194580300.0,-0.013370425768477438,141.89999389648438,42972500.0
2025-07-02,1085.0,0.023311078868447146,44299887.0,-0.030134902803088715,153.29136657714844,213143600.0,-0.041659154324966564,136.11000061035156,55257200.0
2025-07-03,1090.0,0.0,23822731.0,0.02544004940841766,157.2411346435547,171224100.0,0.017551363549625842,138.52000427246094,39228000.0
2025-07-04,1085.0,0.004597709248629549,36973556.0,,,,,,
2025-07-07,1080.0,-0.0045977092486294314,20363322.0,0.013203338767271606,159.3310089111328,143716100.0,-0.004413425337271688,137.91000366210938,28646000.0
2025-07-08,1080.0,-0.0046189458562945285,18829372.0,-0.006927364756319279,158.2310791015625,140139000.0,-0.02280910392322921,134.8000030517578,37395000.0
2025-07-09,1090.0,0.0,27461252.0,0.011060960956559299,159.99098205566406,138133000.0,0.022156317955067433,137.82000732421875,36124600.0
2025-07-10,1100.0,0.009216655104924048,23618216.0,0.01783991419350016,162.87081909179688,183656400.0,0.004271782294599444,138.41000366210938,37013100.0
2025-07-11,1100.0,0.009132483563272474,22350503.0,0.007462319290115549,164.09075927734375,167704100.0,0.040703497896090526,144.16000366210938,61101500.0
2025-07-14,1095.0,0.0,28249780.0,0.004984464048350547,164.91070556640625,193633300.0,0.015555372449883812,146.4199981689453,50049200.0
2025-07-15,1110.0,-0.004555816535860691,25760632.0,-0.005167298974125016,164.06076049804688,136975800.0,-0.0012300464444970876,146.24000549316406,44718600.0
2025-07-16,1130.0,0.013605652055778678,45416390.0,0.03961435549979123,170.69036865234375,230627400.0,0.0621037356852306,155.61000061035156,93370100.0
2025-07-17,1130.0,0.01785761740000647,31013743.0,0.003917363703228754,171.36033630371094,158831500.0,0.028320820760116234,160.0800018310547,59492800.0
2025-07-18,1155.0,0.0,30648595.0,0.009466663156954554,172.99024963378906,160841100.0,0.0020593587445816904,160.41000366210938,50605100.0
2025-07-21,1150.0,0.021882711249507587,46645034.0,-0.003416227933035546,172.40028381347656,146456400.0,-0.02155091641567185,156.99000549316406,48859800.0
2025-07-22,1130.0,-0.00433840159859813,26749324.0,-0.005992023379618822,171.37034606933594,123126100.0,6.366130554780608e-05,157.0,39021100.0
2025-07-23,1145.0,-0.017544309650909508,50457506.0,-0.025709918154959016,167.0205841064453,193114300.0,-0.014628765753567412,154.72000122070312,49028000.0
2025-07-24,1145.0,0.013187004281953681,29747757.0,0.02220272844087625,170.77037048339844,154082200.0,0.0250834399628865,158.64999389648438,41510900.0
2025-07-25,1145.0,0.0,15055463.0,0.01718378355484954,173.73020935058594,128984600.0,0.021636292083972188,162.1199951171875,48440100.0
2025-07-28,1145.0,0.0,22476546.0,-0.0013823511113735406,173.49021911621094,122316800.0,0.026478348697191564,166.47000122070312,53432300.0
2025-07-29,1135.0,0.0,20606376.0,0.018558706011775717,176.7400360107422,140023500.0,0.04228426538151951,173.66000366210938,68267800.0
2025-07-30,1155.0,-0.008771986072836994,31763255.0,-0.007040365265865425,175.50009155273438,154077500.0,0.021533151640798515,177.44000244140625,108154800.0
2025-07-31,1160.0,0.01746769304039078,34182363.0,0.021197159985772103,179.25990295410156,174312200.0,0.011598348720988517,179.50999450683594,64820300.0
2025-08-04,1135.0,0.00431966114451638,33230751.0,-0.023608133130421878,173.710205078125,204529000.0,-0.026495045315781292,171.6999969482422,75396100.0
2025-08-05,1150.0,-0.021787354184907296,23939021.0,0.03551205386204827,179.98985290527344,148174600.0,0.02915726459794046,176.77999877929688,52951000.0
2025-08-06,1125.0,0.013129291441792802,17012960.0,-0.009713759671598475,178.24993896484375,156407600.0,-0.014070705506934258,174.30999755859375,88808500.0
2025-08-07,1180.0,-0.02197890671877523,22023406.0,0.006486312563307068,179.40988159179688,137192300.0,-0.06634921288832546,163.1199951171875,133641800.0
2025-08-08,1175.0,0.047731402821190025,61370031.0,0.007496111733235648,180.7598114013672,151878400.0,0.05533122649403767,172.39999389648438,95448300.0
2025-08-11,1180.0,-0.004246290881451097,25958258.0,0.010619929076134701,182.689697265625,123396700.0,0.002085993469626515,172.75999450683594,68866700.0
2025-08-12,1180.0,0.004246290881451004,35579367.0,-0.0035091875667100955,182.0497283935547,138323200.0,-0.0027822631956624347,172.27999877929688,70651000.0
2025-08-13,1200.0,0.0,28917167.0,0.006023823636406688,183.14967346191406,145485700.0,0.015379148269763606,174.9499969482422,52243500.0
2025-08-14,1175.0,0.01680711831638119,37809952.0,-0.008608712831548364,181.5797576904297,179871700.0,0.05271555381217736,184.4199981689453,108305100.0
2025-08-15,1180.0,-0.02105340919783238,32991791.0,0.0023651817555431923,182.00973510742188,129554000.0,-0.018995022037722343,180.9499969482422,66308800.0
2025-08-18,1180.0,0.004246290881451004,22231552.0,-0.008662863949559025,180.4398193359375,156602200.0,-0.019193818733499787,177.50999450683594,51543100.0
2025-08-19,1185.0,0.0,18219895.0,0.008607866666712883,181.99972534179688,132008000.0,-0.00774778449888901,176.13999938964844,35937500.0
2025-08-20,1135.0,0.004228336109521105,17867547.0,-0.03562511944758994,175.63009643554688,185229200.0,-0.05598354694910146,166.5500030517578,64455000.0
2025-08-21,1150.0,-0.04311012365372855,66982023.0,-0.0013673872327902067,175.39010620117188,215142700.0,-0.008138740349294439,165.1999969482422,60233200.0
2025-08-22,1135.0,0.013129291441792802,23424804.0,-0.0023974359871052576,174.97012329101562,140040900.0,-0.009060231736784337,163.7100067138672,37880500.0
2025-08-25,1170.0,-0.013129291441792736,19205763.0,0.017055753659911226,177.97996520996094,172789400.0,0.024437742972498414,167.75999450683594,43998600.0
2025-08-26,1175.0,0.03037109787629877,25103514.0,0.010173386265127206,179.79986572265625,163012800.0,-0.026577995696889765,163.36000061035156,36134700.0
2025-08-27,1190.0,0.004264398786457518,35508897.0,0.010841386884304001,181.75975036621094,168688200.0,0.0197593830890906,166.6199951171875,52138600.0
2025-08-28,1160.0,0.012685159527315642,21952558.0,-0.0009356441344726344,181.5897674560547,235518900.0,0.0030562406748065817,167.1300048828125,37031000.0
2025-08-29,1160.0,-0.025533302005164762,19975237.0,-0.007905684347558289,180.1598358154297,281787800.0,0.008638443514483769,168.5800018310547,36285200.0
2025-09-01,1165.0,0.0,19522740.0,,,,,,
2025-09-02,1160.0,0.004301081899390702,22018940.0,-0.033811646699719186,174.170166015625,243257900.0,-0.03593271346655883,162.6300048828125,37516800.0
2025-09-03,1160.0,-0.0043010818993905854,14037411.0,-0.01971299554035733,170.77037048339844,231164900.0,-0.001907971324758716,162.32000732421875,38656100.0
2025-09-04,1160.0,0.0,19511981.0,-0.0009373019060500131,170.61038208007812,164424900.0,-0.00117122796102756,162.1300048828125,30752800.0
2025-09-05,1180.0,0.0,24333323.0,0.006076950550765085,171.65032958984375,141670100.0,-0.0020993561588006572,161.7899932861328,32103500.0
2025-09-08,1180.0,0.01709443335930004,27133819.0,-0.027402218846634227,167.01058959960938,224441400.0,-0.0680926009655723,151.13999938964844,78256000.0
2025-09-09,1200.0,0.0,27281959.0,0.00769389006201819,168.30050659179688,163769100.0,0.0017848576527331457,151.41000366210938,41849000.0
2025-09-10,1225.0,0.01680711831638119,31329096.0,0.014451531924085766,170.7503662109375,157548400.0,0.028710128700079118,155.82000732421875,42802500.0
2025-09-11,1240.0,0.02061928720273561,39665156.0,0.03775340801335812,177.32000732421875,226852000.0,0.023593090493258133,159.5399932861328,52465300.0
2025-09-12,1260.0,0.012170535620255114,30345708.0,-0.0008463379046124896,177.1699981689453,151159300.0,-0.024556262114979195,155.6699981689453,48817700.0
